emp_id,employee_name,age_group,driver_name,score
40,"Gerardo Gulgowski",20-30,"Manager Support",5
55,"Salena Upton",20-30,"Career Growth",5
31,"Kimberley Jacobi",20-30,"Career Growth",5
39,"Joyce Rau",20-30,"Role Clarity",5
51,"Nicholas Ankunding",20-30,"Role Clarity",5
23,"Rina Gerhold",20-30,"Manager Support",5
29,"Marhta Johnston",20-30,"Role Clarity",5
5,"Brooks Hilll",20-30,"Manager Support",5
18,"Leila Lemke",20-30,"Career Growth",5
10,"Donnell Balistreri",20-30,"Role Clarity",5
15,"Remedios Baumbach",20-30,"Career Growth",4
55,"Salena Upton",20-30,"Company Policies",4
29,"Marhta Johnston",20-30,"Company Policies",4
39,"Joyce Rau",20-30,"Manager Support",4
39,"Joyce Rau",20-30,"Career Growth",4
40,"Gerardo Gulgowski",20-30,"Career Growth",4
51,"Nicholas Ankunding",20-30,"Company Policies",4
8,"Sharlene Gerlach",20-30,"Company Policies",4
47,"Raylene Mueller",20-30,"Company Policies",4
5,"Brooks Hilll",20-30,"Role Clarity",4
15,"Remedios Baumbach",20-30,"Role Clarity",4
5,"Brooks Hilll",20-30,"Company Policies",4
16,"Fern Stroman",20-30,"Manager Support",4
47,"Raylene Mueller",20-30,"Manager Support",4
42,"Mohammed Corkery",20-30,"Role Clarity",3
27,"Veda Prosacco",20-30,"Manager Support",3
55,"Salena Upton",20-30,"Manager Support",3
18,"Leila Lemke",20-30,"Manager Support",3
47,"Raylene Mueller",20-30,"Role Clarity",3
42,"Mohammed Corkery",20-30,"Company Policies",3
8,"Sharlene Gerlach",20-30,"Manager Support",3
55,"Salena Upton",20-30,"Role Clarity",3
16,"Fern Stroman",20-30,"Company Policies",3
16,"Fern Stroman",20-30,"Career Growth",3
8,"Sharlene Gerlach",20-30,"Career Growth",3
10,"Donnell Balistreri",20-30,"Company Policies",3
16,"Fern Stroman",20-30,"Role Clarity",3
51,"Nicholas Ankunding",20-30,"Manager Support",3
23,"Rina Gerhold",20-30,"Role Clarity",3
31,"Kimberley Jacobi",20-30,"Manager Support",3
47,"Raylene Mueller",20-30,"Career Growth",2
42,"Mohammed Corkery",20-30,"Manager Support",2
27,"Veda Prosacco",20-30,"Company Policies",2
40,"Gerardo Gulgowski",20-30,"Company Policies",2
27,"Veda Prosacco",20-30,"Career Growth",2
15,"Remedios Baumbach",20-30,"Manager Support",2
15,"Remedios Baumbach",20-30,"Company Policies",2
39,"Joyce Rau",20-30,"Company Policies",2
18,"Leila Lemke",20-30,"Company Policies",2
23,"Rina Gerhold",20-30,"Career Growth",2
51,"Nicholas Ankunding",20-30,"Career Growth",2
40,"Gerardo Gulgowski",20-30,"Role Clarity",2
2,"Manie Halvorson",20-30,"Company Policies",2
2,"Manie Halvorson",20-30,"Manager Support",2
2,"Manie Halvorson",20-30,"Career Growth",2
31,"Kimberley Jacobi",20-30,"Role Clarity",2
2,"Manie Halvorson",20-30,"Role Clarity",2
29,"Marhta Johnston",20-30,"Career Growth",2
10,"Donnell Balistreri",20-30,"Career Growth",1
10,"Donnell Balistreri",20-30,"Manager Support",1
18,"Leila Lemke",20-30,"Role Clarity",1
31,"Kimberley Jacobi",20-30,"Company Policies",1
27,"Veda Prosacco",20-30,"Role Clarity",1
5,"Brooks Hilll",20-30,"Career Growth",1
29,"Marhta Johnston",20-30,"Manager Support",1
42,"Mohammed Corkery",20-30,"Career Growth",1
8,"Sharlene Gerlach",20-30,"Role Clarity",1
23,"Rina Gerhold",20-30,"Company Policies",1
48,"Annabelle Kuhic",31-40,"Role Clarity",5
6,"Nobuko Dach",31-40,"Company Policies",5
7,"Sage Beier",31-40,"Company Policies",5
50,"Stanton Daniel",31-40,"Career Growth",5
36,"Nikole Streich",31-40,"Manager Support",5
3,"Solomon Fritsch",31-40,"Company Policies",5
54,"Bari Kunde",31-40,"Career Growth",5
7,"Sage Beier",31-40,"Career Growth",4
4,"Jeff Bechtelar",31-40,"Company Policies",4
28,"Vernon Hudson",31-40,"Career Growth",4
7,"Sage Beier",31-40,"Manager Support",4
36,"Nikole Streich",31-40,"Career Growth",4
54,"Bari Kunde",31-40,"Role Clarity",4
50,"Stanton Daniel",31-40,"Role Clarity",4
44,"Shirley Crist",31-40,"Manager Support",4
44,"Shirley Crist",31-40,"Company Policies",4
4,"Jeff Bechtelar",31-40,"Career Growth",3
43,"Gudrun Price",31-40,"Company Policies",3
6,"Nobuko Dach",31-40,"Career Growth",3
21,"Kyung Kub",31-40,"Career Growth",3
3,"Solomon Fritsch",31-40,"Role Clarity",3
48,"Annabelle Kuhic",31-40,"Company Policies",3
45,"Evonne Grant",31-40,"Role Clarity",3
44,"Shirley Crist",31-40,"Role Clarity",3
28,"Vernon Hudson",31-40,"Role Clarity",2
43,"Gudrun Price",31-40,"Career Growth",2
6,"Nobuko Dach",31-40,"Manager Support",2
4,"Jeff Bechtelar",31-40,"Manager Support",2
3,"Solomon Fritsch",31-40,"Manager Support",2
21,"Kyung Kub",31-40,"Role Clarity",2
28,"Vernon Hudson",31-40,"Company Policies",2
50,"Stanton Daniel",31-40,"Company Policies",2
50,"Stanton Daniel",31-40,"Manager Support",2
45,"Evonne Grant",31-40,"Manager Support",2
54,"Bari Kunde",31-40,"Company Policies",2
54,"Bari Kunde",31-40,"Manager Support",2
48,"Annabelle Kuhic",31-40,"Manager Support",1
3,"Solomon Fritsch",31-40,"Career Growth",1
4,"Jeff Bechtelar",31-40,"Role Clarity",1
6,"Nobuko Dach",31-40,"Role Clarity",1
7,"Sage Beier",31-40,"Role Clarity",1
21,"Kyung Kub",31-40,"Company Policies",1
21,"Kyung Kub",31-40,"Manager Support",1
28,"Vernon Hudson",31-40,"Manager Support",1
36,"Nikole Streich",31-40,"Role Clarity",1
36,"Nikole Streich",31-40,"Company Policies",1
43,"Gudrun Price",31-40,"Role Clarity",1
43,"Gudrun Price",31-40,"Manager Support",1
44,"Shirley Crist",31-40,"Career Growth",1
45,"Evonne Grant",31-40,"Career Growth",1
45,"Evonne Grant",31-40,"Company Policies",1
48,"Annabelle Kuhic",31-40,"Career Growth",1
11,"Diann Erdman",41-50,"Company Policies",5
19,"Aida Jacobi",41-50,"Manager Support",5
17,"Natashia Windler",41-50,"Role Clarity",5
12,"Kandra Lakin",41-50,"Company Policies",5
49,"Nikole Kulas",41-50,"Manager Support",5
33,"Magdalena Bergnaum",41-50,"Manager Support",5
30,"Alfred Okuneva",41-50,"Manager Support",5
20,"Demetrius Hahn",41-50,"Career Growth",5
38,"Lilia Hickle",41-50,"Role Clarity",5
52,"Olinda Heidenreich",41-50,"Company Policies",5
11,"Diann Erdman",41-50,"Career Growth",5
13,"Magnolia Kohler",41-50,"Manager Support",4
46,"Phylicia Streich",41-50,"Role Clarity",4
37,"Yuette Morar",41-50,"Role Clarity",4
46,"Phylicia Streich",41-50,"Career Growth",4
41,"Theodora Hahn",41-50,"Manager Support",4
1,"Lesley Farrell",41-50,"Career Growth",4
35,"Becky Rempel",41-50,"Career Growth",4
35,"Becky Rempel",41-50,"Company Policies",4
9,"Marie Schroeder",41-50,"Role Clarity",4
11,"Diann Erdman",41-50,"Role Clarity",4
53,"Joycelyn Halvorson",41-50,"Manager Support",4
25,"Jacquelyn Hahn",41-50,"Company Policies",4
24,"Annika Ward",41-50,"Company Policies",4
53,"Joycelyn Halvorson",41-50,"Career Growth",4
19,"Aida Jacobi",41-50,"Career Growth",4
37,"Yuette Morar",41-50,"Company Policies",4
37,"Yuette Morar",41-50,"Manager Support",4
11,"Diann Erdman",41-50,"Manager Support",4
49,"Nikole Kulas",41-50,"Career Growth",4
52,"Olinda Heidenreich",41-50,"Career Growth",4
33,"Magdalena Bergnaum",41-50,"Role Clarity",4
35,"Becky Rempel",41-50,"Role Clarity",4
25,"Jacquelyn Hahn",41-50,"Career Growth",3
30,"Alfred Okuneva",41-50,"Company Policies",3
14,"Martina Feil",41-50,"Manager Support",3
14,"Martina Feil",41-50,"Role Clarity",3
25,"Jacquelyn Hahn",41-50,"Manager Support",3
14,"Martina Feil",41-50,"Company Policies",3
33,"Magdalena Bergnaum",41-50,"Career Growth",3
53,"Joycelyn Halvorson",41-50,"Role Clarity",3
9,"Marie Schroeder",41-50,"Company Policies",3
9,"Marie Schroeder",41-50,"Career Growth",3
34,"Malika Deckow",41-50,"Manager Support",3
26,"Nigel Ritchie",41-50,"Company Policies",3
37,"Yuette Morar",41-50,"Career Growth",3
20,"Demetrius Hahn",41-50,"Manager Support",3
41,"Theodora Hahn",41-50,"Role Clarity",3
41,"Theodora Hahn",41-50,"Company Policies",3
20,"Demetrius Hahn",41-50,"Role Clarity",3
52,"Olinda Heidenreich",41-50,"Manager Support",3
17,"Natashia Windler",41-50,"Manager Support",3
1,"Lesley Farrell",41-50,"Role Clarity",2
32,"Rusty Raynor",41-50,"Role Clarity",2
32,"Rusty Raynor",41-50,"Career Growth",2
32,"Rusty Raynor",41-50,"Company Policies",2
17,"Natashia Windler",41-50,"Career Growth",2
33,"Magdalena Bergnaum",41-50,"Company Policies",2
9,"Marie Schroeder",41-50,"Manager Support",2
34,"Malika Deckow",41-50,"Company Policies",2
19,"Aida Jacobi",41-50,"Company Policies",2
41,"Theodora Hahn",41-50,"Career Growth",2
46,"Phylicia Streich",41-50,"Company Policies",2
26,"Nigel Ritchie",41-50,"Career Growth",2
22,"Sonya Beier",41-50,"Career Growth",2
22,"Sonya Beier",41-50,"Company Policies",2
17,"Natashia Windler",41-50,"Company Policies",2
12,"Kandra Lakin",41-50,"Career Growth",2
12,"Kandra Lakin",41-50,"Role Clarity",2
24,"Annika Ward",41-50,"Role Clarity",2
38,"Lilia Hickle",41-50,"Manager Support",2
52,"Olinda Heidenreich",41-50,"Role Clarity",2
38,"Lilia Hickle",41-50,"Career Growth",2
19,"Aida Jacobi",41-50,"Role Clarity",2
30,"Alfred Okuneva",41-50,"Career Growth",2
53,"Joycelyn Halvorson",41-50,"Company Policies",2
26,"Nigel Ritchie",41-50,"Manager Support",2
26,"Nigel Ritchie",41-50,"Role Clarity",2
30,"Alfred Okuneva",41-50,"Role Clarity",2
35,"Becky Rempel",41-50,"Manager Support",2
1,"Lesley Farrell",41-50,"Manager Support",2
49,"Nikole Kulas",41-50,"Role Clarity",2
24,"Annika Ward",41-50,"Career Growth",1
14,"Martina Feil",41-50,"Career Growth",1
20,"Demetrius Hahn",41-50,"Company Policies",1
38,"Lilia Hickle",41-50,"Company Policies",1
13,"Magnolia Kohler",41-50,"Company Policies",1
22,"Sonya Beier",41-50,"Role Clarity",1
13,"Magnolia Kohler",41-50,"Career Growth",1
34,"Malika Deckow",41-50,"Role Clarity",1
49,"Nikole Kulas",41-50,"Company Policies",1
24,"Annika Ward",41-50,"Manager Support",1
25,"Jacquelyn Hahn",41-50,"Role Clarity",1
13,"Magnolia Kohler",41-50,"Role Clarity",1
12,"Kandra Lakin",41-50,"Manager Support",1
22,"Sonya Beier",41-50,"Manager Support",1
32,"Rusty Raynor",41-50,"Manager Support",1
46,"Phylicia Streich",41-50,"Manager Support",1
1,"Lesley Farrell",41-50,"Company Policies",1
34,"Malika Deckow",41-50,"Career Growth",1
